step,training_loss
1000,1.3384007184536426
2000,1.3603271179795264
3000,1.2846777414679527
4000,1.3480574232935905
5000,1.2918913306593895
6000,1.3350874042510987
7000,1.3175009373426438
8000,1.3798103387355805
9000,1.4020577009022235
10000,1.3286119969189167
11000,1.3684241618216038
12000,1.2692013957500459
13000,1.3287689548432826
14000,1.3250167658925056
15000,1.3273933431208134
16000,1.3370060778558255
17000,1.2666565382778645
18000,1.367587839603424
19000,1.3344799960255622
20000,1.3474493954181672
21000,1.3436529601812364
22000,1.3353730322122574
23000,1.350966647297144
24000,1.2983533040285111
25000,1.324594749480486
26000,1.2865980422496797
27000,1.2468801465928554
28000,1.2820098343491555
29000,1.2785687591433526
30000,1.3014112992286682
31000,1.2591249666213988
32000,1.2892196503281594
33000,1.3293538959622384
34000,1.3623158544301988
35000,1.3282928210496903
36000,1.3338359879255295
37000,1.3010632345080375
38000,1.379046423137188
39000,1.3360129820108413
40000,1.350623488008976
41000,1.2441087013483048
42000,1.3067176721692084
43000,1.3211622873544693
44000,1.3015124482512475
45000,1.3037420186400412
46000,1.336617002248764
47000,1.2729125962853431
48000,1.3318213770389558
49000,1.3209037373661996
50000,1.2886913965344429
51000,1.2760560168027877
52000,1.345358270227909
53000,1.2977014710307122
54000,1.335722421646118
55000,1.2904098160266877
56000,1.2482862163186073
57000,1.3388269876241683
58000,1.306536509871483
59000,1.2943826877474784
60000,1.2934006425738334
61000,1.272151530444622
62000,1.294200085401535
63000,1.3726063579916954
64000,1.324056989878416
65000,1.3310284572839737
66000,1.3688951087594032
67000,1.3145687708258629
68000,1.329896642267704
69000,1.305469007074833
70000,1.2736364309191703
71000,1.2925076528787613
72000,1.2896888955235482
73000,1.3003211483955384
74000,1.2720599491894244
75000,1.3057734493017197
76000,1.338802318483591
77000,1.322031970024109
78000,1.2846655821800232
79000,1.3439142550230025
80000,1.2882313432693482
81000,1.3146291617751122
82000,1.323450910806656
83000,1.316911114960909
84000,1.3334859412908555
85000,1.3003763073086738
86000,1.2577909496724606
87000,1.2724791498184205
88000,1.3763458219766618
89000,1.2511011629402637
90000,1.287496551334858
91000,1.3485572580099106
92000,1.3505139313936234
93000,1.3595927183032035
94000,1.2386270656585694
95000,1.3042935914993286
96000,1.275615843206644
97000,1.3735939869880676
98000,1.2922277333140373
99000,1.2741840651631355
100000,1.3283216148018837
101000,1.3369133017659187
102000,1.2983900771737098
103000,1.3541483412384987
104000,1.3221758834719657
105000,1.3043198221921921
106000,1.302411026597023
107000,1.2093199167847632
108000,1.3214566615521908
109000,1.25267088252306
110000,1.322296409726143
111000,1.3035073651373386
112000,1.2676096445322036
113000,1.2345352728962897
114000,1.256515045762062
115000,1.2983828980922698
116000,1.2933308010697364
117000,1.2344901554584504
118000,1.345038071870804
119000,1.3115680527091027
120000,1.2849090629518032
121000,1.285113402545452
122000,1.2509483021795749
123000,1.2658546174764633
124000,1.2659103888571261
125000,1.305068799585104
126000,1.2926136258840561
127000,1.2928686796724795
128000,1.2770243293642998
129000,1.287676513493061
130000,1.248466794192791
131000,1.3186397870779039
132000,1.296134823203087
133000,1.2917420926094054
134000,1.2434478675723075
135000,1.2191762952208518
136000,1.3243311239480973
137000,1.2701748354136944
138000,1.282017913430929
139000,1.2808609918504954
140000,1.2530207013487815
141000,1.2346007676124573
142000,1.2293210199475288
143000,1.2920149080455303
144000,1.2349497672319412
145000,1.2609204114079475
146000,1.3124853413701056
147000,1.2624449437260628
148000,1.3200341294705868
149000,1.2634634017944335
150000,1.2337955758273602
151000,1.2583031430244447
152000,1.2836587568819522
153000,1.2754595928192138
154000,1.2663329975008966
155000,1.255949095249176
156000,1.3263826595544814
157000,1.23869483050704
158000,1.284853044912219
159000,1.2328384945988655
160000,1.2929764477312564
161000,1.3155212378799914
162000,1.247964848667383
163000,1.2790445494204759
164000,1.2729888699948788
165000,1.2601528998464346
166000,1.2951654826402663
167000,1.2837742578089237
168000,1.2619252429008483
169000,1.2414108955860137
170000,1.214672268629074
171000,1.2630167701244355
172000,1.255399473130703
173000,1.2586146199703216
174000,1.3042940242886543
175000,1.3116680887639522
176000,1.2200435727834702
177000,1.2688548240959645
178000,1.3592224984169006
179000,1.213952851355076
180000,1.2222845983803272
181000,1.2901545706689357
182000,1.3282656342089176
183000,1.217774701833725
184000,1.231698106020689
185000,1.324046728849411
186000,1.3139293143749238
187000,1.3324349944591523
188000,1.2709150664806366
189000,1.2890022065937519
190000,1.3067247149050236
191000,1.2490069809257984
192000,1.2314925155937673
193000,1.2944913966655731
194000,1.2688517062962055
195000,1.277213839650154
196000,1.2484628088474274
197000,1.2638771274983882
198000,1.255924456655979
199000,1.2721247397065163
200000,1.2621605640351772
201000,1.262005927979946
202000,1.2660165210664271
203000,1.2012575744390488
204000,1.2680482023656368
205000,1.258023457378149
206000,1.2978951550126077
207000,1.2658587404489516
208000,1.2958695961534976
209000,1.2788263886272908
210000,1.2164704068005086
211000,1.186817647010088
212000,1.2695974687039853
213000,1.2656951370239258
214000,1.2011934775412083
215000,1.2852071576714517
216000,1.2348857470452785
217000,1.2854389041662215
218000,1.2893367981016637
219000,1.2067511650323868
220000,1.2576409038603307
221000,1.3104585722088813
222000,1.256611934006214
223000,1.2656532532572746
224000,1.2372906698584556
225000,1.2553189716637134
226000,1.194345670849085
227000,1.2436489009857177
228000,1.2140896465182305
229000,1.2860948019623757
230000,1.2735467626154422
231000,1.2676536433696748
232000,1.2646640918850898
233000,1.2887938195168973
234000,1.2445501923263074
235000,1.2036709051430226
236000,1.2211236191093922
237000,1.2005590525120498
238000,1.2568390672802925
239000,1.256260839253664
240000,1.2612159163057803
241000,1.275376906722784
242000,1.1729485874772072
243000,1.279009956240654
244000,1.286665127247572
245000,1.2594382464885712
246000,1.2644549867212773
247000,1.2632145054638386
248000,1.1901308172345162
249000,1.3600480635166168
250000,1.2092319461405276
251000,1.245054916858673
252000,1.2561673054993152
253000,1.2537613382339479
254000,1.2759436844438314
255000,1.2826921192407608
256000,1.2283314931988716
257000,1.219553148806095
258000,1.290904742717743
259000,1.2536078740358352
260000,1.3012314912080765
261000,1.266637754201889
262000,1.2865782227516174
263000,1.3329691137075423
264000,1.2476258921325207
265000,1.2683236817121506
266000,1.2053562246859073
267000,1.2535964293032884
268000,1.279164799824357
269000,1.3023011867254972
270000,1.2313676450848579
271000,1.2336308775693179
272000,1.2113673298209906
273000,1.290171572983265
274000,1.2582045903205872
275000,1.2238407009243966
276000,1.2919594159424306
277000,1.28980705589056
278000,1.217869481742382
279000,1.2306061226129532
280000,1.2214222362935543
281000,1.2740558760464191
282000,1.2597527412474157
283000,1.2652095721960068
284000,1.1877822596728802
285000,1.2265310998260974
286000,1.284773138731718
287000,1.271585687160492
288000,1.2321796274185182
289000,1.2808179861009121
290000,1.2947365146577359
291000,1.2703995119482279
292000,1.233271939203143
293000,1.2189366170614957
294000,1.2511523437649013
295000,1.2897185320556164
296000,1.2430496508777142
297000,1.2843073128461837
298000,1.2520352041125298
299000,1.25871133223176
300000,1.2700091446340085
301000,1.2304069607257844
302000,1.2603388196229934
303000,1.2586559040248395
304000,1.2714309181123973
305000,1.248757332995534
306000,1.2455474160462618
307000,1.2560298171937465
308000,1.284984685242176
309000,1.2430413829088212
310000,1.195669519856572
311000,1.2225866202116014
312000,1.2411801981329917
313000,1.208889782845974
314000,1.2620076676011085
314799,1.2206808563615563
315800,1.3048257700630002
316800,1.2277843573093414
317800,1.2384976724237204
318800,1.2703016051650047
319800,1.252967394426465
320800,1.2157337786257267
321800,1.2882659707665443
322800,1.2609422018527985
323800,1.2608121075034142
324800,1.1373388731479646
325800,1.2447481044232844
326800,1.2478806398659945
327800,1.2138514120280743
328800,1.2500412864536048
329800,1.261560183867812
330800,1.2749795625805855
331800,1.2931802217364312
332800,1.2473005616664887
333800,1.199009551346302
334800,1.2523700248599052
335800,1.2073301156312228
336800,1.3239480233639478
337800,1.2006619113385677
338800,1.2204932305961846
339800,1.2710876771360635
340800,1.2832103036642075
341800,1.2308542413115502
342800,1.2066460834294557
343800,1.3043857510089873
344800,1.2189669034183026
345800,1.2132581549882888
346800,1.2213306585252286
347800,1.2687269124984741
348800,1.242245353937149
349800,1.2494241652786733
350800,1.235073457956314
351800,1.2634526050686836
352800,1.240178706422448
353800,1.2090314436852931
354800,1.2541235401928426
355800,1.2532951881587506
356800,1.2153892451524735
357800,1.1710000612288713
358800,1.1789120816439391
359800,1.2300311505794526
360800,1.241854806482792
361800,1.1970462853610515
362800,1.2872757174968719
363800,1.2668491972088813
364800,1.3021990025639534
365800,1.24894994045794
366800,1.238844240859151
367800,1.1831766296327113
368800,1.3201402848809958
369800,1.2980459012389183
370800,1.2310333084762097
371800,1.2513203661441803
372800,1.2430095815062523
373800,1.2018252274692058
374800,1.2179302565157413
375800,1.234403746366501
376800,1.2823724531233311
377800,1.2571076279878617
378800,1.245868985414505
379800,1.2777783054411411
380800,1.258584177315235
381800,1.2127081280648708
382800,1.265687187731266
383800,1.2328956915289164
384800,1.2206271758675575
385800,1.262409773632884
386800,1.2628081572651864
387800,1.1813411683142185
388800,1.2226285677552222
389800,1.2986312488019467
390800,1.219547881603241
391800,1.2517821745872497
392800,1.2831813419759273
393800,1.2239771516025066
394800,1.2002287211716176
395800,1.256410079985857
396800,1.2131744327247143
397800,1.242412850946188
398800,1.2049929979890586
399800,1.3013081967681646
400800,1.2126841075271368
401800,1.2694803466200828
402800,1.2133876913934947
403800,1.1909744490683078
404800,1.2957588506042956
405800,1.2430308833569288
406800,1.2657294881492853
407800,1.2176653633862733
408800,1.2024068201184273
409800,1.2591164319217205
410800,1.2585274248719216
411800,1.2358188358843327
412800,1.2856710877418518
413800,1.2202183678746223
414800,1.2461215249300004
415800,1.251528594210744
416800,1.2050085937529802
417800,1.172822136119008
418800,1.2458756016343833
419800,1.1840914728343486
420800,1.2431596358418464
421800,1.2937181870639325
422800,1.2454133717417717
423800,1.2828928138315678
424800,1.2482404718399047
425800,1.2278945587426424
426800,1.267265180721879
427800,1.3003310938775539
428800,1.275449524074793
429800,1.264903536528349
430800,1.2829935410022735
431800,1.2580716825425624
432800,1.2164240081310271
433800,1.2372723161280155
434800,1.1995303704291582
435800,1.2471253190785647
436800,1.2414207995682955
437800,1.2611885557621718
438800,1.2933413443267345
439800,1.2949362829625606
440800,1.2161945139169692
441800,1.22919603779912
442800,1.2295758336633444
443800,1.2629935261905194
444800,1.2030613965243102
445800,1.290258737385273
446800,1.2901203659772873
447800,1.2285149575471879
448800,1.2176413446217775
449800,1.1963166198730468
450800,1.274632846802473
451800,1.19669385060668
452800,1.1951655179858207
453800,1.294657358467579
454800,1.166455840855837
455800,1.2606024267673492
456800,1.246806897044182
457800,1.247261131554842
458800,1.2272459612190723
459800,1.2476094706952572
460800,1.1974468996822833
461800,1.2461063272505999
462800,1.243714504122734
463800,1.2298293459564447
464800,1.189131755962968
465800,1.2418540333807468
466800,1.2700940686911344
467800,1.1840040491223336
468800,1.2233344113230706
469800,1.2580991008281708
470800,1.2623852478563786
471800,1.2420660838782787
472800,1.231584960564971
473800,1.2351077661812306
474800,1.2302839521169662
475800,1.2660103885829448
476800,1.2222090526223182
477800,1.236896270751953
478800,1.3303378556221723
479800,1.1973974913060665
480800,1.1986135100871325
481800,1.2588221633136272
482800,1.2256585809886456
483800,1.270367328852415
484800,1.2141328759789467
485800,1.2217161074876786
486800,1.226540219962597
487800,1.2718847368955613
488800,1.220681227862835
489800,1.2880516148507595
490800,1.2826416471302509
491800,1.229917191952467
492800,1.2381720624566077
493800,1.240782911673188
494800,1.2439670743197202
495800,1.3081815113425255
496800,1.2674642970710992
497800,1.247596695125103
498800,1.2100409161448478
499800,1.2689486562907695
500800,1.2465429734289646
501800,1.2694485929310322
502800,1.2218171327412128
503800,1.230705353140831
504800,1.2411130636036396
505800,1.2052999417185783
506800,1.2216688669472933
507800,1.1692646816968917
508800,1.2532308853417635
509800,1.1932360278218985
510800,1.2197713313400746
511800,1.2314516639709472
512800,1.2074663345813752
513800,1.2653558752834797
514800,1.1889651365876197
515800,1.204217123389244
516800,1.2684276952445508
517800,1.2049653382897376
518800,1.1626445589214562
519800,1.309290131688118
520800,1.2925885199308396
521800,1.2674620863199233
522800,1.2218865173459053
523800,1.2712327470481395
524800,1.2465382050722837
525800,1.295031592041254
526800,1.1561242090165615
527800,1.2958157930076122
528800,1.1901995812803507
529800,1.175857378050685
530800,1.218421888127923
531800,1.2433435603827239
532800,1.263609522432089
533800,1.2235778558254242
534800,1.1992418211400508
535800,1.2343276251852513
536800,1.2324354465454816
537800,1.1886003850102425
538800,1.2342461761683226
539800,1.2666365234702825
540800,1.2183541736751795
541800,1.2188970516771078
542800,1.2508875179737806
543800,1.2157982395738363
544800,1.2136893123090267
545800,1.209600033134222
546800,1.214563414990902
547800,1.2567074904143811
548800,1.2497098183333875
549800,1.1936942255049945
550800,1.3140397163331508
551800,1.2086253403425216
552800,1.2405106542557478
553800,1.250140807390213
554800,1.255366937994957
555800,1.237714862599969
556800,1.2231803949326276
557800,1.2720150528550147
558800,1.2294186854809523
559800,1.276951708495617
560800,1.2388198003172874
561800,1.2177845708429813
562800,1.2663127908408642
563800,1.1975000692158937
564800,1.1743655568063258
565800,1.221796016767621
566800,1.2943067552000285
567800,1.156162104293704
568800,1.266819128483534
569800,1.1981211144030095
570800,1.291751784056425
571800,1.208254512667656
572800,1.2038971520066262
573800,1.2919610689878465
574800,1.2142611667513847
575800,1.1708180879056453
576800,1.232725940912962
577800,1.207641242980957
578800,1.210381564170122
579800,1.2002661522328855
580800,1.2147520026415586
581800,1.3011713730990886
582800,1.2443871316462756
583800,1.2046953410059213
584800,1.1808851734399795
585800,1.2011108236908912
586800,1.2219877713620664
587800,1.2609586926698684
588800,1.264709835767746
589800,1.2029523564726115
590800,1.2316937207207084
591800,1.2345446038544179
592800,1.2389305812567473
593800,1.2718146849349141
594800,1.183922904074192
595800,1.2645114593058824
596800,1.2392049315571785
597800,1.2192885713279247
598800,1.1954609746336937
599800,1.2333373652398587
600800,1.2556610763072968
601800,1.202062089815736
602800,1.2264085610210895
603800,1.254346913024783
604800,1.264490483134985
605800,1.1862889410853386
606800,1.2467149100601673
607800,1.1600984474122524
608800,1.2250307611227036
609800,1.2294850767999888
610800,1.2496775806844234
611800,1.200704960912466
612800,1.1798583737313748
613800,1.2268836682736874
614800,1.2464874610900878
615800,1.2491994442343712
616800,1.188495533287525
617800,1.2051914272755384
618800,1.2496068779677152
619800,1.2451302866339684
620800,1.2585120581388474
621800,1.2248736118227244
622800,1.1938351147770883
623800,1.231668154269457
624800,1.1944994216412306
625800,1.1708231305480004
626800,1.1991515295356512
627800,1.2206607160419225
628800,1.1750629368275405
629599,1.2501807840580637
630600,1.1887656730282439
631600,1.2513851335197688
632600,1.2027696845829488
633600,1.175209820702672
634600,1.2422235783338547
635600,1.1640471818447113
636600,1.2010336017608643
637600,1.2659364800453186
638600,1.211391483411193
639600,1.2313947217315435
640600,1.1809257289469242
641600,1.2134590137600898
642600,1.273656475290656
643600,1.2056444236785173
644600,1.182302303791046
645600,1.1825275132507085
646600,1.2287938265651464
647600,1.2646832363456488
648600,1.1982255457937718
649600,1.2653777126669883
650600,1.2800469769090415
651600,1.1886020937114954
652600,1.1917289505153894
653600,1.2259155839532614
654600,1.2054043969213963
655600,1.2173666311204434
656600,1.2407165511101483
657600,1.1919684017002583
658600,1.2477322783917189
659600,1.2377977985590696
660600,1.3170734972953797
661600,1.2778421410471201
662600,1.2877524966448546
663600,1.206340588092804
664600,1.2862865088433026
665600,1.2270466907471418
666600,1.2440845794826747
667600,1.1988558735251427
668600,1.221033273562789
669600,1.254129399999976
670600,1.2056263878792524
671600,1.2024145327284932
672600,1.2214953694567083
673600,1.1845460378192365
674600,1.1705964335203172
675600,1.1789615507423878
676600,1.2484634683355689
677600,1.1907018953114747
678600,1.1722503677606582
679600,1.2526928584128618
680600,1.20648575592041
681600,1.2016716362908482
682600,1.209025114119053
683600,1.2157698269933461
684600,1.2727586877197028
685600,1.226864819973707
686600,1.2840455784797669
687600,1.1621831508278846
688600,1.2614777841567992
689600,1.191347355633974
690600,1.1701648091971875
691600,1.1837110698968172
692600,1.241768372029066
693600,1.2193162447810173
694600,1.208738334134221
695600,1.2256274090111257
696600,1.2808009600639343
697600,1.2029796673953532
698600,1.2467494081705808
699600,1.200518374413252
700600,1.2020434146225452
701600,1.1674368024468422
702600,1.1729218289405108
703600,1.215190398350358
704600,1.1448673865944148
705600,1.1589931004047394
706600,1.1911011980324984
707600,1.2633505816608668
708600,1.2970542713552713
709600,1.2447047539651395
710600,1.2191373333483935
711600,1.174540617659688
712600,1.2012086023241282
713600,1.2153638870865107
714600,1.2932539531886578
715600,1.219525586694479
716600,1.2163374570608139
717600,1.2345034291297197
718600,1.2190335811376571
719600,1.2661922846138478
720600,1.198236330896616
721600,1.1805008758604527
722600,1.2487140594273805
723600,1.2517137829363345
724600,1.2151719336137174
725600,1.2308565691411495
726600,1.2506505620628596
727600,1.2181047025620937
728600,1.2530296151340008
729600,1.1697203552573918
730600,1.2122621299922467
731600,1.2435002657175065
732600,1.2374929018318652
733600,1.2556885712593795
734600,1.207032998263836
735600,1.2337061453461646
736600,1.2296312855780125
737600,1.2055154362618923
738600,1.242010194659233
739600,1.2049098142236472
740600,1.2178718217611313
741600,1.2050339936465024
742600,1.2028398464024066
743600,1.1342973201572895
744600,1.242228601589799
745600,1.1553158421516418
746600,1.246606832280755
747600,1.1900435943305492
748600,1.183307039886713
749600,1.1592427995875478
750600,1.2235677611380815
751600,1.2779272515773774
752600,1.2085321652442216
753600,1.1987812102884055
754600,1.2354028657376765
755600,1.2116062056869268
756600,1.20665324293077
757600,1.1339596076756715
758600,1.251473342716694
759600,1.188563811339438
760600,1.1687896071523427
761600,1.2429193558841944
762600,1.2172060932666062
763600,1.2257245634421705
764600,1.2448435925543309
765600,1.1937322641015053
766600,1.289337786719203
767600,1.1783388389870524
768600,1.211696908429265
769600,1.183232279703021
770600,1.227877480648458
771600,1.121879786863923
772600,1.2099354315772652
773600,1.179105454608798
774600,1.195223481208086
775600,1.286986675798893
776600,1.2623658663630486
777600,1.20799211807549
778600,1.2138858953267335
779600,1.1813758218288422
780600,1.1462298894673586
781600,1.1824086796194315
782600,1.2785878709629177
783600,1.2633022789210082
784600,1.1566354968696833
785600,1.2259524770826102
786600,1.1906406667679548
787600,1.1858039290904998
788600,1.2459070366322995
789600,1.2541944799125195
790600,1.1625783969461918
791600,1.222397318392992
792600,1.2435987176895142
793600,1.1895652021318674
794600,1.1880203720331193
795600,1.2066132488697767
796600,1.1975475197583436
797600,1.1538198438733815
798600,1.2050046137422323
799600,1.1892424190342425
800600,1.3214217484891415
801600,1.224950956657529
802600,1.2300304625034333
803600,1.2515103442072868
804600,1.2459072084724903
805600,1.2416641949117184
806600,1.230966468885541
807600,1.2505057390481233
808600,1.2146277754157782
809600,1.2349541625082492
810600,1.191098644167185
811600,1.1824327533990144
812600,1.1954003651440144
813600,1.1993845263421536
814600,1.1900017770379783
815600,1.1970081278830766
816600,1.1954931764900685
817600,1.2426298965364695
818600,1.243747125610709
819600,1.2071162012517451
820600,1.1927920884788037
821600,1.2500115306973458
822600,1.2060386583209037
823600,1.1751288299262523
824600,1.2160797246098518
825600,1.2294842834174633
826600,1.1470144485980271
827600,1.161305450245738
828600,1.2104400196671485
829600,1.1591283361166715
830600,1.2107509587854146
831600,1.2592786959856748
832600,1.2787213073670864
833600,1.2103884806483984
834600,1.219711220920086
835600,1.19001299482584
836600,1.2044902163594962
837600,1.2376140387952328
838600,1.2369643216505646
839600,1.235034713074565
840600,1.1911032927781344
841600,1.1977657951712608
842600,1.178173487380147
843600,1.1861151845753193
844600,1.1848424714505672
845600,1.2026122764647007
846600,1.2748933081775904
847600,1.1937702493518592
848600,1.172039454817772
849600,1.222131320923567
850600,1.2169799011275173
851600,1.2473619661778212
852600,1.172852337807417
853600,1.210843380779028
854600,1.172918346196413
855600,1.1270207302495838
856600,1.232262955546379
857600,1.229034861445427
858600,1.188008907660842
859600,1.191678713656962
860600,1.2566359455883502
861600,1.1868898171931506
862600,1.2357266565486789
863600,1.1730514828413725
864600,1.207423061877489
865600,1.1581152226924896
866600,1.1782827037870884
867600,1.2130829491615296
868600,1.220585430726409
869600,1.1812069613784553
870600,1.2123215031325818
871600,1.1969374458938837
872600,1.1689829886555672
873600,1.1977278388738632
874600,1.2232576086446643
875600,1.2259868037253618
876600,1.236122895218432
877600,1.2696122139394284
878600,1.2136804039031268
879600,1.1613810635507107
880600,1.1949140069484712
881600,1.2033288114368916
882600,1.2764291269406676
883600,1.1725666285753251
884600,1.21894922606647
885600,1.2058925711363555
886600,1.1109418736323715
887600,1.1921042549312115
888600,1.2242209465950729
889600,1.1404221490472555
890600,1.1426582331582904
891600,1.1894760169312357
892600,1.1999335531517863
893600,1.1906341614872218
894600,1.1809016229510307
895600,1.1850331775918603
896600,1.2074652847200633
897600,1.245655572026968
898600,1.147311875589192
899600,1.1585158920139074
900600,1.2376808090955018
901600,1.1376435962468385
902600,1.234041341163218
903600,1.2184833501726389
904600,1.182463362723589
905600,1.165680835068226
906600,1.2326178961098193
907600,1.1600958427190782
908600,1.1911960166990756
909600,1.1633819636404514
910600,1.2390297090113163
911600,1.222936338081956
912600,1.218881208628416
913600,1.2458160718530416
914600,1.2036744970977307
915600,1.174739607989788
916600,1.1200841277390718
917600,1.2201769915670158
918600,1.2397720543667674
919600,1.2094395103305577
920600,1.1794208766818046
921600,1.2176256461888553
922600,1.2238674208894371
923600,1.1520348323136569
924600,1.2205159009993076
925600,1.099102041631937
926600,1.1975003238916397
927600,1.2436617746576666
928600,1.2166375514566898
929600,1.2733168763369322
930600,1.170410402700305
931600,1.1384467337280513
932600,1.1884006030038
933600,1.203489799514413
934600,1.2323368578106164
935600,1.235154044613242
936600,1.2264741353839637
937600,1.1389745781049132
938600,1.2484663280844688
939600,1.2225378561094404
940600,1.1838511774092912
941600,1.2201970907896758
942600,1.2409188543856144
943600,1.2198553278893232
944399,1.2292192385290681
945400,1.1981038832060107
946400,1.2401760396882893
947400,1.2390118977874518
948400,1.19983251208812
949400,1.1459432034343482
950400,1.184630011945963
951400,1.2343748510554433
952400,1.207055932842195
953400,1.1708289507329463
954400,1.1773713721036911
955400,1.219374940097332
956400,1.207091608017683
957400,1.2305033168643713
958400,1.1723392431885005
959400,1.2258736747950316
960400,1.2227808986753226
961400,1.16830559758842
962400,1.2220926597639918
963400,1.1496899869963526
964400,1.1878499416261912
965400,1.2027179610282184
966400,1.1899343844652175
967400,1.249475531131029
968400,1.1798209931999446
969400,1.1911029647141695
970400,1.225395954683423
971400,1.124160190358758
972400,1.2361927343457937
973400,1.1496471118032932
974400,1.231234238550067
975400,1.2085641994178296
976400,1.1658110404834152
977400,1.1192259647697211
978400,1.2398182143718004
979400,1.201355427414179
980400,1.2035786244720221
981400,1.1912987236827612
982400,1.140709770053625
983400,1.2287368949204682
984400,1.17456010453403
985400,1.218241850696504
986400,1.1969912919700145
987400,1.1900152942985296
988400,1.163051395893097
989400,1.1822249055802823
990400,1.2302023981362582
991400,1.2023928924500942
992400,1.2151697529926897
993400,1.236775067523122
994400,1.1895459678769111
995400,1.2792638486027719
996400,1.2283464808613063
997400,1.1881032404452563
998400,1.137631633579731
999400,1.1899650816619396
1000400,1.168289851665497
1001400,1.1832671943083406
1002400,1.1697392185926438
1003400,1.1997157290950418
1004400,1.1696962178125978
1005400,1.1375338528305292
1006400,1.1973400753438472
1007400,1.1778628363907337
1008400,1.143254371985793
1009400,1.2356958119571209
1010400,1.2007511099427939
1011400,1.2092472918480635
1012400,1.14386589024961
1013400,1.2280763192176818
1014400,1.1615552882775664
1015400,1.2153692661002278
1016400,1.1688303839713334
1017400,1.1676130551546813
1018400,1.1789767451584339
1019400,1.228693410769105
1020400,1.2253404507562518
1021400,1.2279387127012014
1022400,1.1814882961958646
1023400,1.1248013948500157
1024400,1.1338206173032521
1025400,1.2254303896725178
1026400,1.2222232986688615
1027400,1.1838005752265452
1028400,1.2713248428553343
1029400,1.2171341215968132
1030400,1.204599627673626
1031400,1.2256923667043447
1032400,1.2298983827382326
1033400,1.1896256397515534
1034400,1.1566202368736267
1035400,1.1785227843374013
1036400,1.20872217194736
1037400,1.1836654766201973
1038400,1.2395062195509672
1039400,1.1951755936443806
1040400,1.1766904200464487
1041400,1.1754380774348974
1042400,1.1821525202095509
1043400,1.1378528619110584
1044400,1.1690860694348812
1045400,1.1775154424011707
1046400,1.1711650711894035
1047400,1.200480746179819
1048400,1.1433309666365385
1049400,1.2241641918420791
1050400,1.224554840825498
1051400,1.17984554374218
1052400,1.1734779915213585
1053400,1.2304660915881396
1054400,1.2348366255238652
1055400,1.2419521190077067
1056400,1.278808364868164
1057400,1.205930833682418
1058400,1.182633962482214
1059400,1.1773707326948644
1060400,1.187113863147795
1061400,1.1826558816134929
1062400,1.1583200288563966
1063400,1.1770225829929113
1064400,1.240907232567668
1065400,1.155165582537651
1066400,1.1939994857758283
1067400,1.1036605210565031
1068400,1.1789032064899803
1069400,1.2106351724937559
1070400,1.1898606460765004
1071400,1.2155919152349233
1072400,1.173048403173685
1073400,1.1146516595035791
1074400,1.2143419908732176
1075400,1.1686547678261996
1076400,1.1420890740901233
1077400,1.2186666261702777
1078400,1.2052846160531043
1079400,1.181778311163187
1080400,1.219235557973385
1081400,1.1791729524284602
1082400,1.119225854948163
1083400,1.1046492110937833
1084400,1.1976890248209238
1085400,1.1945659455955029
1086400,1.184377257734537
1087400,1.2012923015803099
1088400,1.182475756600499
1089400,1.1643770185709
1090400,1.1483769842237235
1091400,1.2037792690992355
1092400,1.2155817099884152
1093400,1.207044902548194
1094400,1.1645696089565754
1095400,1.1137179344892503
1096400,1.236400031760335
1097400,1.2020174482166768
1098400,1.181237887173891
1099400,1.1499622257053852
1100400,1.2607817412763833
1101400,1.1411365765929222
1102400,1.2146707957312464
1103400,1.1928878143057227
1104400,1.150909869670868
1105400,1.263384426318109
1106400,1.1537391011714935
1107400,1.1592166030853988
1108400,1.166693574026227
1109400,1.1721676240488887
1110400,1.1925164647251367
1111400,1.0944067934751511
1112400,1.2031141958683729
1113400,1.2013853042796254
1114400,1.1684335815012454
1115400,1.228916193537414
1116400,1.1760069227218628
1117400,1.227399447068572
1118400,1.1611071269959212
1119400,1.148817257732153
1120400,1.190391157642007
1121400,1.1877304812669753
1122400,1.1917466737627984
1123400,1.2031671077013015
1124400,1.1351383622139692
1125400,1.2545237592309713
1126400,1.1828239137232304
1127400,1.2285049962997436
1128400,1.167396849758923
1129400,1.2263900138512254
1130400,1.1612326689884067
1131400,1.2107997971847653
1132400,1.1136798190400004
1133400,1.200048895291984
1134400,1.2202851025536656
1135400,1.1650013489425182
1136400,1.1962289112210274
1137400,1.159915747202933
1138400,1.2242820431441068
1139400,1.121362493917346
1140400,1.1542327732220292
1141400,1.1638593969047069
1142400,1.1309773072451352
1143400,1.200696231558919
1144400,1.1800375391021372
1145400,1.1087747556567191
1146400,1.224845283433795
1147400,1.2131549295932054
1148400,1.2321626859754324
1149400,1.2007316232472658
1150400,1.1677428371459246
1151400,1.1586430571824313
1152400,1.1666225641965866
1153400,1.1737130270898342
1154400,1.1790331717804075
1155400,1.1959687767773866
1156400,1.1909103915914894
1157400,1.1606828213408589
1158400,1.1555238690674305
1159400,1.182263698026538
1160400,1.1647658621221781
1161400,1.1452249445468188
1162400,1.1779309966862201
1163400,1.1977870505303145
1164400,1.1753104828149081
1165400,1.2263838324174285
1166400,1.2600286495238542
1167400,1.1888116116374732
1168400,1.148622289299965
1169400,1.183459826529026
1170400,1.1562700175493956
1171400,1.1272415277585388
1172400,1.1693642214387656
1173400,1.188004058241844
1174400,1.1771263438202442
1175400,1.2156019109934568
1176400,1.2069263453632593
1177400,1.2200854682400823
1178400,1.1809324424862861
1179400,1.1810118661448359
1180400,1.2119659467637538
1181400,1.180292061805725
1182400,1.2169317820444703
1183400,1.1318434952646494
1184400,1.1753323345929385
1185400,1.164000458598137
1186400,1.1172640581205486
1187400,1.1167783604562282
1188400,1.2005240479260684
1189400,1.1758852081671358
1190400,1.1719183390364052
1191400,1.1873434500992297
1192400,1.163149966329336
1193400,1.161571730263531
1194400,1.1649943962544203
1195400,1.2380319363102317
1196400,1.1843130855709314
1197400,1.1708808515742422
1198400,1.1666818680316209
1199400,1.1756099932342767
1200400,1.170338250979781
1201400,1.1524861002862454
1202400,1.1445293677151203
1203400,1.1662512663006783
1204400,1.1738104114979506
1205400,1.1791331129223108
1206400,1.1587706669047475
1207400,1.2120674637109041
1208400,1.1719682454802096
1209400,1.2190118286758662
1210400,1.1535747276321053
1211400,1.158598407074809
1212400,1.161152787439525
1213400,1.1472819401696324
1214400,1.2123986410945653
1215400,1.211495215512812
1216400,1.152130097091198
1217400,1.1923565312623978
1218400,1.2004637653380632
1219400,1.207484693646431
1220400,1.1309894573278725
1221400,1.2222979709655046
1222400,1.1557485621124506
1223400,1.1796191614419222
1224400,1.1584391816705466
1225400,1.1703618222028016
1226400,1.209184915587306
1227400,1.1899401997327805
1228400,1.0968141470998525
1229400,1.1875245227217675
1230400,1.2315851060152054
1231400,1.222058998592198
1232400,1.1857942073568701
1233400,1.181894957832992
1234400,1.2302240616679192
1235400,1.1953880926817655
1236400,1.2090326090455055
1237400,1.2387804795354604
1238400,1.2223584982827307
1239400,1.1614988973885774
1240400,1.1467885867804288
1241400,1.1827134649679065
1242400,1.1795386792272329
1243400,1.1310437208265065
1244400,1.2175186574459076
1245400,1.1201459709703923
1246400,1.168174790278077
1247400,1.13790650973469
1248400,1.2314771075546742
1249400,1.2058647922128438
1250400,1.1840113113299011
1251400,1.1456201394349337
1252400,1.2540667550042273
1253400,1.1264709881544113
1254400,1.1464175328984856
1255400,1.11981429130584
1256400,1.176768836133182
1257400,1.1691227577328682
1258400,1.1541693602129817
1259199,1.199411992100213
1260200,1.1938013982448306
1261200,1.1635177912712098
1262200,1.1626577673256397
1263200,1.179884486183524
1264200,1.1853268551528453
1265200,1.2077969316095114
1266200,1.1891453549265862
1267200,1.1711402702778577
1268200,1.1716828329116107
1269200,1.1747236005067825
1270200,1.2028379109799863
1271200,1.1696205084770919
1272200,1.173774540796876
1273200,1.1519722052067518
1274200,1.1640715090408922
1275200,1.1230251313149928
1276200,1.1551170026957989
1277200,1.1252528525143861
1278200,1.1734819407910109
1279200,1.170584563910961
1280200,1.1675603578165175
1281200,1.1646118384450674
1282200,1.1479917619526385
1283200,1.1515507206395268
1284200,1.147146031141281
1285200,1.1929946391135453
1286200,1.1821749972179532
1287200,1.2646539862826467
1288200,1.2357410657554866
1289200,1.1663962890058757
1290200,1.1520566609874368
1291200,1.1592160006165504
1292200,1.1592665638029576
1293200,1.1838046479672193
1294200,1.2339251231998205
1295200,1.1635354440212249
1296200,1.1360899590700866
1297200,1.1887595455348492
1298200,1.1530415454357863
1299200,1.1870824322178959
1300200,1.1380551796630025
1301200,1.1373684511184692
1302200,1.2111391561999918
1303200,1.1785466593801974
1304200,1.1348579664230347
1305200,1.1469694052934647
1306200,1.083102711327374
1307200,1.1552995487600566
1308200,1.0860975137501956
1309200,1.176594289407134
1310200,1.1430229794085025
1311200,1.1782762363143264
1312200,1.1587930251136422
1313200,1.179387506596744
1314200,1.1909431732706726
1315200,1.1202025273516774
1316200,1.1683567764684557
1317200,1.2062683696895837
1318200,1.1710692643746734
1319200,1.1476637423336506
1320200,1.1857324969768523
1321200,1.1857261916399002
1322200,1.1409171649366616
1323200,1.160615629017353
1324200,1.2274102270528675
1325200,1.2159439939707517
1326200,1.194473338380456
1327200,1.1916451575830578
1328200,1.1995622623711824
1329200,1.1855394417233764
1330200,1.153013920545578
1331200,1.1692528165355325
1332200,1.1732542700767516
1333200,1.1869769491553306
1334200,1.2170291797667743
1335200,1.1551289921030403
1336200,1.1128227509334683
1337200,1.164787792943418
1338200,1.217279936283827
1339200,1.191777217835188
1340200,1.2007531065195798
1341200,1.1927090632766486
1342200,1.0990083927363157
1343200,1.1916016180217266
1344200,1.1860429619401693
1345200,1.1570790766254067
1346200,1.1254608445465564
1347200,1.258134454961866
1348200,1.118004853144288
1349200,1.180197058044374
1350200,1.1876014604791998
1351200,1.1954706481397153
1352200,1.1456420234814286
1353200,1.1834948350265622
1354200,1.1586692939549685
1355200,1.169133190110326
1356200,1.176652419887483
1357200,1.1883500249907375
1358200,1.1566866524219512
1359200,1.1491143984794616
1360200,1.1737838512063026
1361200,1.1289955244883896
1362200,1.1708248154819012
1363200,1.2161645147278906
1364200,1.212145436629653
1365200,1.1470648781955242
1366200,1.16823550131917
1367200,1.1983638660758733
1368200,1.1788448241651057
1369200,1.2036922901421785
1370200,1.186304917961359
1371200,1.1727907114997507
1372200,1.1783800727277993
1373200,1.1911513098925353
1374200,1.1954589077532292
1375200,1.1499419185966253
1376200,1.2125659968554974
1377200,1.1020430211499332
1378200,1.138753430619836
1379200,1.1588208455815912
1380200,1.1755864393040538
1381200,1.205997109696269
1382200,1.139213550824672
1383200,1.193406774275005
1384200,1.1364058871418237
1385200,1.1539048345796763
1386200,1.1714264321178198
1387200,1.1574633535966277
1388200,1.159211255542934
1389200,1.1304339820668101
1390200,1.196887183614075
1391200,1.125716107569635
1392200,1.2053673176541924
1393200,1.2025038590878248
1394200,1.1986276418715716
1395200,1.1657431345134974
1396200,1.1506710565388203
1397200,1.147635206617415
1398200,1.1584401575997472
1399200,1.1299770995602012
1400200,1.1598786123842002
1401200,1.1807464223913848
1402200,1.1747686934545636
1403200,1.157806934967637
1404200,1.1539037737622857
1405200,1.1994085600450635
1406200,1.161437698662281
1407200,1.2006721854507922
1408200,1.1306749361529946
1409200,1.1885237939581275
1410200,1.0861009069532157
1411200,1.169565997749567
1412200,1.1524904673546552
1413200,1.2006243129894136
1414200,1.1542249851748347
1415200,1.2260346332788468
1416200,1.1068683759719133
1417200,1.1664784458056092
1418200,1.1557894670143722
1419200,1.2059782658219338
1420200,1.171278009749949
1421200,1.214378374993801
1422200,1.2092013075128198
1423200,1.1433202265948057
1424200,1.223304154574871
1425200,1.1577065401673317
1426200,1.144279035769403
1427200,1.1667946715652944
1428200,1.1703325279131531
1429200,1.1330621053576468
1430200,1.1367283547446132
1431200,1.1814715804159641
1432200,1.1672411585003137
1433200,1.2134553485438229
1434200,1.1615004192069174
1435200,1.1818987620100379
1436200,1.2037032785788178
1437200,1.1494059623107313
1438200,1.1731338753327727
1439200,1.1354801495298743
1440200,1.146949437983334
1441200,1.1862981081306934
1442200,1.1769561425074935
1443200,1.1568409940972924
1444200,1.1591909876540303
1445200,1.1514899932593108
1446200,1.1578399644196034
1447200,1.1899529168531298
1448200,1.1680356454700231
1449200,1.184752089880407
1450200,1.2050426697582006
1451200,1.1403076754510402
1452200,1.1597552541196345
1453200,1.124766182899475
1454200,1.1830734617933631
1455200,1.1700925309285521
1456200,1.0990734858512878
1457200,1.1839310476332903
1458200,1.2160310292467476
1459200,1.1751553264334798
1460200,1.1415114617049693
1461200,1.1045809297189118
1462200,1.1428996751606464
1463200,1.1732752999737859
1464200,1.1397820944711565
1465200,1.1782904197871684
1466200,1.1497650907561183
1467200,1.1425897035300732
1468200,1.1556443042457103
1469200,1.1556849985122681
1470200,1.2113691615760327
1471200,1.1504356333315373
1472200,1.1396220237910748
1473200,1.1811436757966876
1474200,1.1581781836077572
1475200,1.1784478164762258
1476200,1.1539837177172303
1477200,1.0932861664071678
1478200,1.1273327921032905
1479200,1.1542298664823174
1480200,1.1815446397289633
1481200,1.1288952625095845
1482200,1.1835224700197577
1483200,1.155380644597113
1484200,1.203319489941001
1485200,1.1025477837771178
1486200,1.1456900869198143
1487200,1.1611422923505306
1488200,1.1624580661058426
1489200,1.2440150814205408
1490200,1.1209138787463306
1491200,1.1422192679792642
1492200,1.155441991314292
1493200,1.1737219193428754
1494200,1.1833844406604768
1495200,1.1933684655800463
1496200,1.1614265938475727
1497200,1.125074946731329
1498200,1.2082829941213131
1499200,1.0909172945320607
1500200,1.1250007042437793
1501200,1.1178963575959207
1502200,1.166727742217481
1503200,1.176949675142765
1504200,1.12449910274148
1505200,1.1790315625295043
1506200,1.125983767233789
1507200,1.1490506911426783
1508200,1.2292963297218085
1509200,1.1521071698591112
1510200,1.1676681989058852
1511200,1.1520664304643868
1512200,1.1666868792846798
1513200,1.1161695481166243
1514200,1.1532657442837952
1515200,1.1606277384199202
1516200,1.190359754472971
1517200,1.1614233020842075
1518200,1.1386640366464853
1519200,1.1279729766100646
1520200,1.1883204091787338
1521200,1.153954077757895
1522200,1.1647464954182505
1523200,1.1239465430304407
1524200,1.139329067528248
1525200,1.1730292803645135
1526200,1.1180725793614983
1527200,1.141602213203907
1528200,1.1989692593291401
1529200,1.2183701560646296
1530200,1.172895600490272
1531200,1.1947016702815891
1532200,1.1537431457862257
1533200,1.1484748724997043
1534200,1.1804700761288405
1535200,1.1379787387251854
1536200,1.1597121484018862
1537200,1.1821393137872218
1538200,1.1200145340785383
1539200,1.134584859393537
1540200,1.1688417046666146
1541200,1.173025404177606
1542200,1.140018503859639
1543200,1.1799174968898296
1544200,1.1697975950539112
1545200,1.2515376883670688
1546200,1.1636413481533527
1547200,1.1877711465507745
1548200,1.1429009311944247
1549200,1.1568822510167955
1550200,1.1354349894747138
1551200,1.1763203744888306
1552200,1.11827739199996
1553200,1.1507258433103562
1554200,1.1327249279916287
1555200,1.1066272674947977
1556200,1.1489280532598496
1557200,1.1635688038915395
1558200,1.143850743919611
1559200,1.1571970822364093
1560200,1.1605225207805634
1561200,1.0870466999784112
1562200,1.1531587309390305
1563200,1.1677844010815024
1564200,1.1604919502958655
1565200,1.1873099744617939
1566200,1.1100803646706046
1567200,1.1245175603479147
1568200,1.240479321219027
1569200,1.1208795681074262
1570200,1.1639836254417897
1571200,1.2385586528591812
1572200,1.162171627305448
1573200,1.0975144104510546
1573999,1.12031327856609
1575000,1.1010141956371504
1576000,1.168089254423976
1577000,1.1471482674814761
1578000,1.1682238117903472
1579000,1.1391522807627916
1580000,1.1319221934899688
1581000,1.0731796920597554
1582000,1.1694824488684534
1583000,1.1550651691034437
1584000,1.125349249370396
1585000,1.1510271707065403
1586000,1.1155143254995346
1587000,1.1277735518626868
1588000,1.1806106259077787
1589000,1.1848838524818421
1590000,1.127540223032236
1591000,1.1535313346236944
1592000,1.1474576988667249
1593000,1.1090226249843835
1594000,1.1385235821902753
1595000,1.1470622208788992
1596000,1.1413622080162167
1597000,1.1474129253327847
1598000,1.111103080071509
1599000,1.138080442778766
1600000,1.1426394128799437
1601000,1.1764495317712427
1602000,1.1291532781273126
1603000,1.1900373368784785
1604000,1.1647399420067668
1605000,1.170994495175779
1606000,1.2101598777025937
1607000,1.1414749763682486
1608000,1.1357030265182257
1609000,1.1029408714175224
1610000,1.1289010910168291
1611000,1.1425698987916113
1612000,1.1666225614771246
1613000,1.22081912253052
1614000,1.1801804718226194
1615000,1.1616188190951944
1616000,1.189303114026785
1617000,1.1498700974211096
1618000,1.198227834776044
1619000,1.1845484439134597
1620000,1.1421426541507245
1621000,1.1216320383250713
1622000,1.1175366255789996
1623000,1.0855630616992713
1624000,1.2121287589147687
1625000,1.1786829638183116
1626000,1.1688049689531326
1627000,1.1984960850551725
1628000,1.1061656599268317
1629000,1.1836627839952707
1630000,1.1493932810276746
1631000,1.117828856229782
1632000,1.1970414500832558
1633000,1.1755650164037943
1634000,1.1884979151189328
1635000,1.1050899078920484
1636000,1.1098448899537325
1637000,1.143318206489086
1638000,1.0965038548707962
1639000,1.1535740660429001
1640000,1.1414416800886393
1641000,1.1244280426949262
1642000,1.1728681780695915
1643000,1.1830671758502722
1644000,1.1084058414697646
1645000,1.235828331105411
1646000,1.151975526727736
1647000,1.1351534811556339
1648000,1.1381130719035863
1649000,1.1471564553529023
1650000,1.148829995200038
1651000,1.1860195619836449
1652000,1.1559741987362504
1653000,1.2104129457622768
1654000,1.1183880169317126
1655000,1.113579774081707
1656000,1.1532692349627613
1657000,1.1765121467262507
1658000,1.227971321836114
1659000,1.1515236388891936
1660000,1.1321094914041459
1661000,1.1616594740375876
1662000,1.1437712654024363
1663000,1.0917293711453677
1664000,1.1803008755370974
1665000,1.1106019728779792
1666000,1.1644214143678546
1667000,1.1654271506778895
1668000,1.1602591719478368
1669000,1.1411679491363467
1670000,1.1720665274858475
1671000,1.1923545509502291
1672000,1.151993096113205
1673000,1.1569347966611385
1674000,1.176867618046701
1675000,1.1601902142614127
1676000,1.1449628310874105
1677000,1.1125766869187355
1678000,1.092754775568843
1679000,1.1649411815181374
1680000,1.1564710567146539
1681000,1.1552048876099288
1682000,1.1165364424958826
1683000,1.1585703304745256
1684000,1.10996258238703
1685000,1.1009691270068287
1686000,1.1505957930870354
1687000,1.1419506648108364
1688000,1.1026013533622026
1689000,1.119513057306409
1690000,1.2204791065230967
1691000,1.1903430357798934
1692000,1.1701800957918167
1693000,1.1522284455299376
1694000,1.1913509533405304
1695000,1.1893631767630577
1696000,1.1411479990780353
1697000,1.1497744587436318
1698000,1.0567266200631857
1699000,1.1284600741416215
1700000,1.1611430722028018
1701000,1.170949396520853
1702000,1.1721498003937305
1703000,1.2255823222249747
1704000,1.1209410848170518
1705000,1.1661980237066745
1706000,1.1126629797667265
1707000,1.1584290839582683
1708000,1.1743491802588104
1709000,1.176482954993844
1710000,1.1933071590587496
1711000,1.1162174484729768
1712000,1.1928501070588826
1713000,1.2007163031846284
1714000,1.1738786070421339
1715000,1.1583120676875114
1716000,1.1379498830214143
1717000,1.1699371739327908
1718000,1.1380209595039488
1719000,1.1367446995824575
1720000,1.1239487777650357
1721000,1.1581649386510253
1722000,1.15574619987607
1723000,1.1094135577976703
1724000,1.1633368239589035
1725000,1.1415927016437053
1726000,1.1500957825407385
1727000,1.16114698253572
1728000,1.1359152065441012
1729000,1.2162520547136664
1730000,1.1617541988566518
1731000,1.1476159467175604
1732000,1.1496273626685143
1733000,1.2181612597107887
1734000,1.0763157160431147
1735000,1.1136674091666936
1736000,1.170364045098424
1737000,1.1525979603156447
1738000,1.1733076812401413
1739000,1.1345719559565186
1740000,1.143994938030839
1741000,1.2223927263841032
1742000,1.1803373750820756
1743000,1.108102794662118
1744000,1.0831075357794762
1745000,1.1479110573977231
1746000,1.1994452244341374
1747000,1.1411289750039577
1748000,1.1122875766009093
1749000,1.1272983097806573
1750000,1.185940012358129
1751000,1.1263112723529338
1752000,1.125366918116808
1753000,1.1402645731344818
1754000,1.1334070025309921
1755000,1.2350551311783493
1756000,1.110710078805685
1757000,1.0405883919522165
1758000,1.147325002513826
1759000,1.1625236404649912
1760000,1.1388424370884895
1761000,1.099522086828947
1762000,1.2065884842649102
1763000,1.1184239308089017
1764000,1.1399982532970607
1765000,1.1215943223759532
1766000,1.0964276150241494
1767000,1.1522049381881951
1768000,1.2103313535749913
1769000,1.1872211358994245
1770000,1.1131440521255136
1771000,1.1286423411741853
1772000,1.2328477492779493
1773000,1.1359230476021767
1774000,1.1449701991081238
1775000,1.1310636002495884
1776000,1.105274273276329
1777000,1.1803644274622203
1778000,1.1367840139120817
1779000,1.1889155437201262
1780000,1.1564544818997382
1781000,1.110845389470458
1782000,1.1512164368778468
1783000,1.2193787871897221
1784000,1.1675135807991028
1785000,1.2102564893066883
1786000,1.1930117315649986
1787000,1.1327574541866778
1788000,1.1682353282049298
1789000,1.1447073750793935
1790000,1.190461492665112
1791000,1.1846839559562505
1792000,1.143190625794232
1793000,1.1398150340467692
1794000,1.1072256440073251
1795000,1.1434798202216625
1796000,1.2106809362843634
1797000,1.1338469343185424
1798000,1.169809892900288
1799000,1.1658424025177956
1800000,1.1734349999204279
1801000,1.1261053294762968
1802000,1.1909221587628127
1803000,1.112391791138798
1804000,1.177490038048476
1805000,1.1843760487884283
1806000,1.139470204181969
1807000,1.167452058121562
1808000,1.1065971691310406
1809000,1.168930719383061
1810000,1.2012697660252452
1811000,1.1368708838447927
1812000,1.1321847200021147
1813000,1.0813877260908484
1814000,1.1131024119332433
1815000,1.1488094989173114
1816000,1.136446433968842
1817000,1.2303504301607608
1818000,1.1135724936053157
1819000,1.1449053045660258
1820000,1.1386777474246919
1821000,1.1547854306995868
1822000,1.191737279817462
1823000,1.1305978211909533
1824000,1.137607364423573
1825000,1.1774460964798927
1826000,1.1435140427276491
1827000,1.1279004402905703
1828000,1.1401897846758366
1829000,1.1126692340001463
1830000,1.1611791849806905
1831000,1.2026946249753236
1832000,1.1134073725491762
1833000,1.1511710761487484
1834000,1.1669018410295249
1835000,1.1900674201250077
1836000,1.1355298735275865
1837000,1.0962324255853892
1838000,1.1239230673909186
1839000,1.1346749264970422
1840000,1.084521069943905
1841000,1.1855785375088452
1842000,1.1301114717945457
1843000,1.1637813131324948
1844000,1.0917798602469266
1845000,1.100587178889662
1846000,1.1885926161371172
1847000,1.1630337709039449
1848000,1.0730962006747722
1849000,1.0804154094457625
1850000,1.1336319398730994
1851000,1.1594969927743077
1852000,1.069704594478011
1853000,1.1724057002067565
1854000,1.1541165486127138
1855000,1.14785301014781
1856000,1.0881174192726613
1857000,1.1385593973435462
1858000,1.185469740562141
1859000,1.0870173340737819
1860000,1.1408803144097328
1861000,1.1521997716426848
1862000,1.123440614387393
1863000,1.1462837231233716
1864000,1.1008151182085275
1865000,1.1145613058283925
1866000,1.1288744057565927
1867000,1.1416071965992451
1868000,1.1066913293749094
1869000,1.1254753798022867
1870000,1.1516103457063436
1871000,1.149339519917965
1872000,1.111558928310871
1873000,1.1708250252828003
1874000,1.1121986673921347
1875000,1.0803393921256066
1876000,1.1319627098664642
1877000,1.1227246752083302
1878000,1.1757890198975802
1879000,1.1802589671611785
1880000,1.1439240086600184
1881000,1.090522354207933
1882000,1.1391395559459925
1883000,1.1082394370958208
1884000,1.1319891833513975
1885000,1.1901339073330164
1886000,1.154893291272223
1887000,1.1881649346277117
1888000,1.172949383109808
1888799,1.116174364007907
1889800,1.1014173691059563
1890800,1.073446223065257
1891800,1.151940816514194
1892800,1.1587966972142458
1893800,1.0704446952417492
1894800,1.1199682892002165
1895800,1.0398767538443208
1896800,1.1510975633263587
1897800,1.1924148762486875
1898800,1.1413388625457883
1899800,1.1624604140222072
1900800,1.104824406951666
1901800,1.167200992204249
1902800,1.1249580119624734
1903800,1.1269798067361116
1904800,1.0896637465246022
1905800,1.1644170448184012
1906800,1.1238472969532014
1907800,1.1288257043361665
1908800,1.1351960887163877
1909800,1.0712158958241345
1910800,1.0938771981149913
1911800,1.1241297893896698
1912800,1.12245129288733
1913800,1.0958530125319959
1914800,1.163127868182957
1915800,1.1230129098929464
1916800,1.120464638724923
1917800,1.1752876411564648
1918800,1.1017833596020936
1919800,1.0730365270599722
1920800,1.127286663517356
1921800,1.1080949820950627
1922800,1.1070975269004704
1923800,1.18713264035061
1924800,1.0986644757054747
1925800,1.1509151361882686
1926800,1.088702817760408
1927800,1.156442097246647
1928800,1.1601643058359623
1929800,1.1416802662238479
1930800,1.0448332515582441
1931800,1.1138225626796483
1932800,1.1289359412640334
1933800,1.0993179965540767
1934800,1.1012462390176951
1935800,1.1895332690626383
1936800,1.113999135170132
1937800,1.119585051037371
1938800,1.0997281652912498
1939800,1.1685302259624004
1940800,1.1853463654890657
1941800,1.1140237887501716
1942800,1.132348864607513
1943800,1.1099793493673205
1944800,1.1442243005409838
1945800,1.1278866668939591
1946800,1.1333234465196729
1947800,1.09274714256078
1948800,1.0909062938094138
1949800,1.0845229771062732
1950800,1.101216482244432
1951800,1.1072391413711011
1952800,1.1436496940478682
1953800,1.1098167805969714
1954800,1.1325636565759778
1955800,1.133093943223357
1956800,1.1517920541614295
1957800,1.0848390522897244
1958800,1.1254002726599575
1959800,1.1230155112221838
1960800,1.1379444412067532
1961800,1.206027042105794
1962800,1.1164622694924473
1963800,1.122102701343596
1964800,1.1265784689933063
1965800,1.1520868554264307
1966800,1.1232325932160019
1967800,1.0560725880786777
1968800,1.1159573987275362
1969800,1.183749044790864
1970800,1.0550476606488228
1971800,1.119140427045524
1972800,1.1595182877779007
1973800,1.1562592743486166
1974800,1.1282158702351153
1975800,1.0594237716943025
1976800,1.1396821690127255
1977800,1.1840023226737977
1978800,1.1392362778410317
1979800,1.1719019145965577
1980800,1.144679368659854
1981800,1.1519227066934108
1982800,1.1049453680738808
1983800,1.1395923983342946
1984800,1.0863562326803804
1985800,1.122364474952221
1986800,1.1150294200778008
1987800,1.1482627727165817
1988800,1.1170209272503853
1989800,1.1277337495088577
1990800,1.1189317867979407
1991800,1.137273923560977
1992800,1.0942779538743197
1993800,1.1373785160556436
1994800,1.124567302145064
1995800,1.1210679588392376
1996800,1.1216883966103197
1997800,1.1188737636059523
1998800,1.0792756658270954
1999800,1.1523771151080728
2000800,1.0916989708319307
2001800,1.2001464952528478
2002800,1.1619071104675531
2003800,1.069789531327784
2004800,1.1713662836998702
2005800,1.0969315214306117
2006800,1.1768475805893541
2007800,1.134335809752345
2008800,1.1138129222095012
2009800,1.0811889757886528
2010800,1.1697137595564127
2011800,1.166934159554541
2012800,1.1556852303147316
2013800,1.1330424804016948
2014800,1.0722548727989196
2015800,1.1094958924800158
2016800,1.1031607164740562
2017800,1.1691013346463441
2018800,1.192312551919371
2019800,1.1288760675005616
2020800,1.1421395446285605
2021800,1.1175633793622255
2022800,1.1376090191155672
2023800,1.1226066790744662
2024800,1.1827426999658346
2025800,1.1335460285246373
2026800,1.143640909306705
2027800,1.1300929651632905
2028800,1.084994344562292
2029800,1.134234553106129
2030800,1.1147635457962752
2031800,1.0763650293573737
2032800,1.177393141105771
2033800,1.1190680719092487
2034800,1.175635891471058
2035800,1.1762281056307256
2036800,1.127616126321256
2037800,1.1559188071712851
2038800,1.1547986273132265
2039800,1.145911923699081
2040800,1.1610854236111046
2041800,1.1046114068999886
2042800,1.1156760327741504
2043800,1.151852271452546
2044800,1.1374943058937788
2045800,1.0799351786375047
2046800,1.156079367145896
2047800,1.171824939288199
2048800,1.1529603588730097
2049800,1.1279450029507279
2050800,1.1718137215375901
2051800,1.1111613560393452
2052800,1.2158910377472638
2053800,1.152124447531998
2054800,1.1311002196297049
2055800,1.1102698459029197
2056800,1.1484809467196464
2057800,1.1689566202163697
2058800,1.1163869266062976
2059800,1.15699879334867
2060800,1.1051142043918372
2061800,1.0547232704088092
2062800,1.1084482491984964
2063800,1.1148386477716268
2064800,1.1418908536620438
2065800,1.09749481369555
2066800,1.1672644637003542
2067800,1.162379570171237
2068800,1.1582867192700506
2069800,1.1661424652338028
2070800,1.105303801469505
2071800,1.183333843663335
2072800,1.1565889940336347
2073800,1.1322116051465272
2074800,1.1543306812122465
2075800,1.1511602786108852
2076800,1.1357068711146712
2077800,1.1141551553830504
2078800,1.1207268858999013
2079800,1.1612539558410644
2080800,1.093103773009032
2081800,1.1874810390174388
2082800,1.1855041041076184
2083800,1.146932656928897
2084800,1.1569822167754173
2085800,1.1664403154850007
2086800,1.181165581740439
2087800,1.1717362668141722
2088800,1.1541312467306852
2089800,1.1587081613317132
2090800,1.1191616512537002
2091800,1.0702641626670957
2092800,1.170375408820808
2093800,1.1667876862436533
2094800,1.1658447136953474
2095800,1.1138092551380396
2096800,1.1265598571561277
2097800,1.1194385198801755
2098800,1.113526966549456
2099800,1.1284708876237273
2100800,1.0763372273743153
2101800,1.1630917490795254
2102800,1.05156697653234
2103800,1.1464832416027784
2104800,1.1334269643202424
2105800,1.1339597418084741
2106800,1.1313767572566866
2107800,1.1513290390074253
2108800,1.106345018900931
2109800,1.2475440260693431
2110800,1.0725166709199547
2111800,1.063225745305419
2112800,1.0890135782137513
2113800,1.0921264345124364
2114800,1.1461447519212962
2115800,1.1681383289694787
2116800,1.0989563037455081
2117800,1.140883825443685
2118800,1.0682876718714833
2119800,1.127318299099803
2120800,1.1035961537808179
2121800,1.0653209138289095
2122800,1.0867045915946365
2123800,1.1389564290866256
2124800,1.1254861018061637
2125800,1.103450316041708
2126800,1.1492618361487985
2127800,1.1311942618601025
2128800,1.076209197498858
2129800,1.1660361397564412
2130800,1.1703688090965152
2131800,1.1496074727773666
2132800,1.1047450692206622
2133800,1.1471769250035286
2134800,1.0967038792148232
2135800,1.1315863094180822
2136800,1.160272882834077
2137800,1.0813559922501446
2138800,1.1140275349244475
2139800,1.1084526669494807
2140800,1.1893365393690765
2141800,1.1746332089006901
2142800,1.1976492060497403
2143800,1.128654854722321
2144800,1.1719937248528003
2145800,1.1373188824504614
2146800,1.2021317831724883
2147800,1.0739443454667925
2148800,1.1411911737918854
2149800,1.0768889591246844
2150800,1.1443641942292453
2151800,1.1698465034738184
2152800,1.1248968682661653
2153800,1.1700215633437037
2154800,1.066072138659656
2155800,1.1567234620451927
2156800,1.1792659013271332
2157800,1.1033667424395681
2158800,1.1550275200083853
2159800,1.0921661681681871
2160800,1.094675348185003
2161800,1.0977549316883086
2162800,1.1710961237847806
2163800,1.0834892467856407
2164800,1.1768343139365316
2165800,1.1717035752013325
2166800,1.1767897307127715
2167800,1.0741348689049481
2168800,1.1278900095298887
2169800,1.136630063842982
2170800,1.1564223555326463
2171800,1.138070821221918
2172800,1.1216789806559682
2173800,1.0943256790339946
2174800,1.14664795717597
2175800,1.1549782453626394
2176800,1.1225094445943833
2177800,1.186162321731448
2178800,1.0629443821758031
2179800,1.1056466138884424
2180800,1.0931744406037032
2181800,1.1289340284466745
2182800,1.1232540414482355
2183800,1.1072746919766068
2184800,1.174782723542303
2185800,1.0442417402788997
2186800,1.1066741900667547
2187800,1.0815689385831355
2188800,1.1179760759696364
2189800,1.071426478907466
2190800,1.1796754168346524
2191800,1.0935814987272023
2192800,1.1385747560337185
2193800,1.1665859795957805
2194800,1.1279740431308747
2195800,1.124081539325416
2196800,1.1842681810706854
2197800,1.1416191202402115
2198800,1.1107817677855492
2199800,1.1319428269602358
2200800,1.1716932808607816
2201800,1.1268123866021633
2202800,1.1578380957245826
2203599,1.1640140516998174
2204600,1.120114927592275
2205600,1.0914192680567503
2206600,1.1269039537236094
2207600,1.1218364472612739
2208600,1.1248974563740193
2209600,1.1663116815909744
2210600,1.1630588278137148
2211600,1.1518245333917438
2212600,1.0372442311681807
2213600,1.157805299371481
2214600,1.1150248938836158
2215600,1.1716450043544173
2216600,1.2056942018344998
2217600,1.1556456733047962
2218600,1.1214499062523247
2219600,1.0733145107477904
2220600,1.1236698180362583
2221600,1.1240408110320568
2222600,1.0851345620378852
2223600,1.1443208911418914
2224600,1.1647993636354803
2225600,1.1068764111101628
2226600,1.070191898316145
2227600,1.0541050665080547
2228600,1.0521047189757229
2229600,1.1177354782074689
2230600,1.1065782129615545
2231600,1.1697143138498067
2232600,1.140252084184438
2233600,1.1197024014145136
2234600,1.1406504723727704
2235600,1.0871490749940276
2236600,1.0666876784339547
2237600,1.1400734746828676
2238600,1.1779160566702485
2239600,1.1542064002901316
2240600,1.1441537382379174
2241600,1.090901344254613
2242600,1.1430233806222678
2243600,1.1162641201242804
2244600,1.1621919340714812
2245600,1.1057635258175433
2246600,1.0811392997801303
2247600,1.17544097083807
2248600,1.0588650911971926
2249600,1.1110188831947745
2250600,1.1323910644203425
2251600,1.0697262980788946
2252600,1.103374876499176
2253600,1.0963627115637065
2254600,1.1426545750424266
2255600,1.0466213295087219
2256600,1.1141892399564386
2257600,1.1385470297634601
2258600,1.1114850631803275
2259600,1.1525852248184383
2260600,1.0868383495137095
2261600,1.1320217315144836
2262600,1.095305997941643
2263600,1.1128682075627148
2264600,1.109087219633162
2265600,1.0800280989706517
2266600,1.1438631734102964
2267600,1.1486077892556787
2268600,1.1370679660663008
2269600,1.0692217150703072
2270600,1.035809547789395
2271600,1.0964910212829708
2272600,1.0877136451080442
2273600,1.096498100873083
2274600,1.1353038425147532
2275600,1.1302901910357177
2276600,1.1478692704886198
2277600,1.0814250549711286
2278600,1.0760774695053696
2279600,1.1611393072903156
2280600,1.0877736723273992
2281600,1.1110949126034975
2282600,1.16901481654495
2283600,1.166632873222232
2284600,1.1534685603529216
2285600,1.1577562720254064
2286600,1.148931577295065
2287600,1.117771450996399
2288600,1.144654360435903
2289600,1.1854068160280584
2290600,1.0835339944064617
2291600,1.1052795781344176
2292600,1.0877328707277776
2293600,1.15714732503891
2294600,1.1621349383816122
2295600,1.108728294596076
2296600,1.1050129508897661
2297600,1.0908039003387093
2298600,1.1918774919211865
2299600,1.1566587821096181
2300600,1.0749766969755292
2301600,1.0953402145728468
2302600,1.178784268140793
2303600,1.1023734317198395
2304600,1.0349610514007508
2305600,1.09211728907004
2306600,1.1692006471902132
2307600,1.1208904664218426
2308600,1.1085294199809432
2309600,1.1235450184866786
2310600,1.0729979749917984
2311600,1.1765226466208696
2312600,1.0839935404658319
2313600,1.0893031502515078
2314600,1.0676497313007713
2315600,1.1411446774713696
2316600,1.0685222905427219
2317600,1.0850425010733307
2318600,1.1060970796719194
2319600,1.120742154482752
2320600,1.0984302483052015
2321600,1.1263793086782097
2322600,1.1162193201929331
2323600,1.140475471906364
2324600,1.1502145031951367
2325600,1.1405343883782626
2326600,1.1021047902703285
2327600,1.1572078798338772
2328600,1.1391873517408968
2329600,1.133787493146956
2330600,1.1258162981122732
2331600,1.1928344395533204
2332600,1.129335524044931
2333600,1.1259550478011369
2334600,1.0872552360072731
2335600,1.1006407277919352
2336600,1.173921676196158
2337600,1.0962833529040217
2338600,1.0594815100431443
2339600,1.117477389641106
2340600,1.1465969488024712
2341600,1.0567328275144101
2342600,1.1180698269344866
2343600,1.1492900186181068
2344600,1.1572462031841277
2345600,1.097569949693978
2346600,1.121484090320766
2347600,1.21381109264493
2348600,1.1486693342775107
2349600,1.0499681026488543
2350600,1.144475356042385
2351600,1.1278253562673926
2352600,1.1805571472719312
2353600,1.0911577292084693
2354600,1.1384940209649503
2355600,1.1541123040542007
2356600,1.1019537578187883
2357600,1.1015876428298652
2358600,1.1141959007680415
2359600,1.1487067806124687
2360600,1.1431239962130786
2361600,1.0975378277078272
2362600,1.1232891350910068
2363600,1.1473270993456244
2364600,1.1757273542881013
2365600,1.169583186969161
2366600,1.1097549403458833
2367600,1.1350994180962444
2368600,1.1419000963941217
2369600,1.1628306839093565
2370600,1.096073667988181
2371600,1.1400227291435003
2372600,1.0949612076953052
2373600,1.148798833452165
2374600,1.0875030425339938
2375600,1.1248096491917967
2376600,1.1170742162317038
2377600,1.1336181660816074
2378600,1.1353498881086708
2379600,1.112041596196592
2380600,1.0659135426394641
2381600,1.2038964043706655
2382600,1.1208818760067225
2383600,1.1454346641153097
2384600,1.0699751655757428
2385600,1.0923096603155136
2386600,1.06583961930871
2387600,1.1083502274900674
2388600,1.103541010774672
2389600,1.1237132575586437
2390600,1.0527588814198972
2391600,1.0101300003677607
2392600,1.1193540611416102
2393600,1.1441737696528436
2394600,1.1204545588493346
2395600,1.0885435546338558
2396600,1.1239271291941404
2397600,1.0931505929231644
2398600,1.1230366173125803
2399600,1.1197847476899623
2400600,1.139583827484399
2401600,1.1115143360495567
2402600,1.0683472661450506
2403600,1.121409946963191
2404600,1.1205469668656587
2405600,1.1370969632193446
2406600,1.1263316271305084
2407600,1.2191910803690553
2408600,1.1220778697282077
2409600,1.1397663792222739
2410600,1.1452294623479247
2411600,1.123004509009421
2412600,1.1196717974804342
2413600,1.0972038064822554
2414600,1.0894185353443027
2415600,1.1325994980633258
2416600,1.1284362629875542
2417600,1.0881824614852666
2418600,1.1033277141600848
2419600,1.1468283754996955
2420600,1.1327672298885882
2421600,1.1032556432560086
2422600,1.1500614654272794
2423600,1.155576869390905
2424600,1.172128289580345
2425600,1.131557970739901
2426600,1.1081429310962558
2427600,1.135440752029419
2428600,1.1112446372807026
2429600,1.0649572062306105
2430600,1.1484065251499413
2431600,1.1078632549531757
2432600,1.0833063635081053
2433600,1.0679292380996048
2434600,1.1432860285043716
2435600,1.1225675837174058
2436600,1.0546335972473024
2437600,1.128707276582718
2438600,1.1496022065579892
2439600,1.0896945144310595
2440600,1.1145684913918377
2441600,1.1026066327095032
2442600,1.140884868785739
2443600,1.1396719123646617
2444600,1.0662600256949664
2445600,1.0822686958014964
2446600,1.0742750067599118
2447600,1.1585039011463523
2448600,1.0600640055760742
2449600,1.138754438377917
2450600,1.116387538317591
2451600,1.1009688039198517
2452600,1.130706263437867
2453600,1.116910933729261
2454600,1.1544393828585744
2455600,1.0898726681992412
2456600,1.092081297043711
2457600,1.1329885605275631
2458600,1.0980491255372762
2459600,1.1319992507174612
2460600,1.1039253271520137
2461600,1.1475647779218852
2462600,1.0972297609075903
2463600,1.1189016972631216
2464600,1.117057140313089
2465600,1.128459091424942
2466600,1.0951591409146786
2467600,1.0886575134024024
2468600,1.1013817848116159
2469600,1.1855094550177454
2470600,1.0485377920866013
2471600,1.0346967141851784
2472600,1.0980930084064602
2473600,1.1610623415112495
2474600,1.1036058627590537
2475600,1.1398365303054452
2476600,1.1179000080302357
2477600,1.044509762339294
2478600,1.0852986458018423
2479600,1.1114809658378362
2480600,1.0267292015850544
2481600,1.115343829870224
2482600,1.1252925244048237
2483600,1.1152500180006026
2484600,1.0697653119824826
2485600,1.0487898236066102
2486600,1.0970293783955276
2487600,1.1634095653835683
2488600,1.101328723680228
2489600,1.0907246120125056
2490600,1.0694616906866432
2491600,1.1580156861320139
2492600,1.1673916030600666
2493600,1.0748825215473772
2494600,1.0863057126104831
2495600,1.0877481202408672
2496600,1.1495943711847068
2497600,1.1203434499949216
2498600,1.0747083786949516
2499600,1.0988953515142201
2500600,1.134519134901464
2501600,1.1080906593129038
2502600,1.0989288763403893
2503600,1.059346825107932
2504600,1.1595112248137593
2505600,1.0503320713490247
2506600,1.1652611055634916
2507600,1.1448315671496094
2508600,1.1056973214447499
2509600,1.1544461036510765
2510600,1.1386616532728076
2511600,1.129163294032216
2512600,1.0690044151842595
2513600,1.1772973176687955
2514600,1.168033085256815
2515600,1.111503424089402
2516600,1.077740945160389
2517600,1.0442670151107014
2518399,1.1149428594339923
2519400,1.1321524277377826
2520400,1.1101095737591387
2521400,1.1110637196414173
2522400,1.0692585022971035
2523400,1.1792682449743153
2524400,1.0695916602239013
2525400,1.1906191344708204
2526400,1.1909100468307734
2527400,1.1105289842784405
2528400,1.0972718929946423
2529400,1.1328732306808234
2530400,1.1187906246110797
2531400,1.1270115134716034
2532400,1.1058813821040094
2533400,1.1413373296856881
2534400,1.0886207350492478
2535400,1.137936891399324
2536400,1.0708368784561753
2537400,1.0805217934325337
2538400,1.0727980094328522
2539400,1.1113608713820577
2540400,1.1138031758964062
2541400,1.0628578662127257
2542400,1.135387383721769
2543400,1.1504488280713558
2544400,1.046883670412004
2545400,1.1672055825144052
2546400,1.1345701690595598
2547400,1.1264670385941864
2548400,1.1174787732735276
2549400,1.1042462318465114
2550400,1.119246817789972
2551400,1.1432103066034616
2552400,1.1661269444748759
2553400,1.0763817593678833
2554400,1.0778939340934157
2555400,1.104173418737948
2556400,1.0250358426421882
2557400,1.1041467716023325
2558400,1.089577109053731
2559400,1.1497119231559336
2560400,1.1799204590320587
2561400,1.1002445026859642
2562400,1.066268402993679
2563400,1.1209426915049554
2564400,1.112566534884274
2565400,1.1501693423464894
2566400,1.1190046419277788
2567400,1.1658766576424242
2568400,1.0529596987441183
2569400,1.058960781611502
2570400,1.1055537357777356
2571400,1.1426857370585204
2572400,1.0762538254410028
2573400,1.1331607922911644
2574400,1.1258452377542854
2575400,1.1102667947486042
2576400,1.0733253690972924
2577400,1.1174120625853539
2578400,1.133342936553061
2579400,1.123350827410817
2580400,1.1155607019364835
2581400,1.1367757079154253
2582400,1.1143946023657918
2583400,1.1174343276806176
2584400,1.1443274608924985
2585400,1.0875249796882271
2586400,1.0667209414858372
2587400,1.0968117559179664
2588400,1.0814789862409233
2589400,1.0987461666837335
2590400,1.1466185639575124
2591400,1.0983719037100672
2592400,1.0745473023727536
2593400,1.117016618911177
2594400,1.1094603184834122
2595400,1.1336946387067437
2596400,1.1670184258520604
2597400,1.0666636769473552
2598400,1.087888037018478
2599400,1.0837483855970205
2600400,1.148282988384366
2601400,1.0713852441459895
2602400,1.0653281649649142
2603400,1.0887852034270764
2604400,1.126403874091804
2605400,1.0826449058949947
2606400,1.0760186551734805
2607400,1.1288433725833893
2608400,1.0882737764939665
2609400,1.1745589914135635
2610400,1.1012179778516293
2611400,1.0783575767427682
2612400,1.1353353427499533
2613400,1.1344211695082487
2614400,1.0944610559605061
2615400,1.092038058809936
2616400,1.1086192697808146
2617400,1.093418889477849
2618400,1.1798261411637068
2619400,1.1154723977223038
2620400,1.121034526526928
2621400,1.0753815906196833
2622400,1.0298128281012178
2623400,1.1257815154492854
2624400,1.17559209305048
2625400,1.082376716516912
2626400,1.167617210626602
2627400,1.101312006454915
2628400,1.0986781637705862
2629400,1.097369545198977
2630400,1.0735335352793336
2631400,1.1360859527811409
2632400,1.1164996889829635
2633400,1.1092790346220136
2634400,1.0873858964592218
2635400,1.060352521918714
2636400,0.9964105365313589
2637400,1.1073321759961545
2638400,1.1298498713374139
2639400,1.0698609752655028
2640400,1.122427163876593
2641400,1.1307059045769274
2642400,1.0530961906164884
2643400,1.1520209001153707
2644400,1.086217331044376
2645400,1.0553925641030073
2646400,1.0894793377965688
2647400,1.1676496973857284
2648400,1.0536656233519315
2649400,1.1216265513449908
2650400,1.1433713367804885
2651400,1.1636346657983958
2652400,1.1078709267117084
2653400,1.1211421030387283
2654400,1.1653304421082138
2655400,1.066585331082344
2656400,1.0679460155442357
2657400,1.0939838029146194
2658400,1.1011285676062108
2659400,1.051432106129825
2660400,1.1393842526674272
2661400,1.1067776725776493
2662400,1.1412643489763141
2663400,1.0699091763719917
2664400,1.1075836607664824
2665400,1.129800862327218
2666400,1.0497789351046085
2667400,1.1123934447728097
2668400,1.0888018202483654
2669400,1.067313876412809
2670400,1.1176829567849635
2671400,1.1774207654185593
2672400,1.0761539684571326
2673400,1.0751852930858732
2674400,1.081988659761846
2675400,1.1076543672829866
2676400,1.1207356948554517
2677400,1.1636655870489776
2678400,1.121287426635623
2679400,1.1186346546448767
2680400,1.1113031344786286
2681400,1.1242759414687753
2682400,1.1112162609994412
2683400,1.0738393724411726
2684400,1.1256546405144037
2685400,1.1091240463107825
2686400,1.0938383765369655
2687400,1.0991585283726453
2688400,1.1247362062260509
2689400,1.103342987868935
2690400,1.0983396802321077
2691400,1.157577015094459
2692400,1.0804042070508004
2693400,1.0591698340028524
2694400,1.0518621193394064
2695400,1.1212056261673569
2696400,1.1580839700475336
2697400,1.0568633720427751
2698400,1.0683472641333938
2699400,1.078810923293233
2700400,1.0882198639437557
2701400,1.1143647772669791
2702400,1.0959442343041301
2703400,1.0839064943417906
2704400,1.0528485468924045
2705400,1.1067008392959834
2706400,1.1317607144638897
2707400,1.07943226679042
2708400,1.1221261909157039
2709400,1.1150780332833528
2710400,1.1318894856944681
2711400,1.131964623618871
2712400,1.0955673959068954
2713400,1.1238098157867789
2714400,1.0892362235486508
2715400,1.072938462588936
2716400,1.1707176492586733
2717400,1.129185950372368
2718400,1.0960444487594068
2719400,1.1120807302594184
2720400,1.1168772226795554
2721400,1.1337355383634566
2722400,1.113532350897789
2723400,1.0859569906964899
2724400,1.105380699545145
2725400,1.0524573248662055
2726400,1.1470905004665255
2727400,1.1135890094302594
2728400,1.0973454063013195
2729400,1.1290517126508057
2730400,1.0539289011210202
2731400,1.1134697732254863
2732400,1.0763563316017388
2733400,1.1276370415836572
2734400,1.080902864702046
2735400,1.0353034009933473
2736400,1.0603142140507698
2737400,1.1444443140253424
2738400,1.0929539088904858
2739400,1.1628019489459693
2740400,1.0959283125698567
2741400,1.1157470058128238
2742400,1.176564067132771
2743400,1.191801077313721
2744400,1.059155954003334
2745400,1.0681064816191792
2746400,1.0694782516621053
2747400,1.0624159324616194
2748400,1.1108203439861537
2749400,1.0993223890513182
2750400,1.1249636823162437
2751400,1.0779164639525116
2752400,1.1000312734022737
2753400,1.0026978635825217
2754400,1.1083780864961446
2755400,1.1213453574739396
2756400,1.1139211858063935
2757400,1.1369310797974468
2758400,1.0807850999049842
2759400,1.0881211500763892
2760400,1.0678836547881365
2761400,1.1101934909969569
2762400,1.1213590473309158
2763400,1.1228990895338355
2764400,1.0960960556343198
2765400,1.0846351576894522
2766400,1.1278469029068947
2767400,1.1315184373483063
2768400,1.1184267324134707
2769400,1.1097238808572292
2770400,1.0635576242543756
2771400,1.1085612420961262
2772400,1.1027244717888534
2773400,1.154608566582203
2774400,1.1349025302603841
2775400,1.1363295013979078
2776400,1.0696160357519984
2777400,1.1195649447068572
2778400,1.090808889761567
2779400,1.1028215473480523
2780400,1.084420942388475
2781400,1.1384487920552493
2782400,1.054003567866981
2783400,1.1137102304175497
2784400,1.0878377198986708
2785400,1.1080258589088916
2786400,1.1373108035214246
2787400,1.0830542219616472
2788400,1.1027311110422016
2789400,1.0754490768164395
2790400,1.157063960954547
2791400,1.0793187967762352
2792400,1.0845220344290136
2793400,1.12799674269557
2794400,1.1006072303131222
2795400,1.1496563896685839
2796400,1.0531883438751102
2797400,1.0993945232331752
2798400,1.0922019238173961
2799400,1.0824860791787505
2800400,1.1485487374663352
2801400,1.0580525669828058
2802400,1.106569684460759
2803400,1.056131008323282
2804400,1.076389099728316
2805400,1.127246198810637
2806400,1.0610692141130567
2807400,1.0734693998619913
2808400,1.134410432998091
2809400,1.1281700304225086
2810400,1.1059242591299117
2811400,1.0587746869884431
2812400,1.049910359866917
2813400,1.1410243911147118
2814400,1.0764307429343463
2815400,1.1171148990914226
2816400,1.0626173457466066
2817400,1.064611435510218
2818400,1.0708368225954472
2819400,1.172381292708218
2820400,1.108186373755336
2821400,1.1207210157290102
2822400,1.0746950879618526
2823400,1.1253861293196679
2824400,1.1192135795876383
2825400,1.101182318136096
2826400,1.087625240035355
2827400,1.0586193837672473
2828400,1.133334927290678
2829400,1.1199555572494864
2830400,1.1750549349486827
2831400,1.0762459953203798
2832400,1.1106051016002894
2833199,1.1255303532052996
2834200,1.066050064053152
2835200,1.1110751266628505
2836200,1.08928421921283
2837200,1.0730623239800334
2838200,1.059974603947252
2839200,1.1098149970863014
2840200,1.1095106713846326
2841200,1.12421521429345
2842200,1.0757810215577484
2843200,1.0940999435074628
2844200,1.0943677817136048
2845200,1.078868224695325
2846200,1.1535692463070155
2847200,1.109542649820447
2848200,1.10036918541044
2849200,1.085911975130439
2850200,1.1603302068524062
2851200,1.0969147730097175
2852200,1.1060992811247707
2853200,1.0380997923985125
2854200,1.1307323011904955
2855200,1.033791626214981
2856200,1.1632499547824264
2857200,1.1800450178533792
2858200,1.1172358218058944
2859200,1.0777903408296405
2860200,1.1279513045996428
2861200,1.153448068767786
2862200,1.033479617744684
2863200,1.0531088384836913
2864200,1.0996222210302948
2865200,1.0323837627395986
2866200,1.0993840303122997
2867200,1.0870557221099735
2868200,1.113184502825141
2869200,1.1396455904953182
2870200,1.0338780645653605
2871200,1.119147443369031
2872200,1.111523748703301
2873200,1.090537391357124
2874200,1.0843718478344382
2875200,1.070184590190649
2876200,1.0441889460906386
2877200,1.0782216333150865
2878200,1.084914540529251
2879200,1.0729393669590355
2880200,1.1137749254964293
2881200,1.1370599622577429
2882200,1.071429049063474
2883200,1.0784416779261083
2884200,1.1235543060004711
2885200,1.1078550727143883
2886200,1.0842522406354547
2887200,1.1021981430351735
2888200,1.138510832592845
2889200,1.0474012318737804
2890200,1.0690797863975168
2891200,1.120221596427262
2892200,1.1677838565818965
2893200,1.050554692156613
2894200,1.1015126909092068
2895200,1.1349788697734475
2896200,1.0765059208013117
2897200,1.0562048859968782
2898200,1.0559833622910082
2899200,1.07345731812343
2900200,1.0928088530637323
2901200,1.0323743418455125
2902200,1.084773380007595
2903200,1.1182237017154693
2904200,1.1273695020899177
2905200,1.105916717067361
2906200,1.085126524746418
2907200,1.1599901528693735
2908200,1.0510481792017818
2909200,1.1481235755346715
2910200,1.1085460672304035
2911200,1.1030065392777324
2912200,1.1175244485884905
2913200,1.0499049032330512
2914200,1.0928096074946225
2915200,1.0652792083993554
2916200,1.10521228133142
2917200,1.1262786739692092
2918200,1.06032706008479
2919200,1.075536620975472
2920200,1.0488952837139367
2921200,1.138646276317537
2922200,1.0598879790082574
2923200,1.0649686194583774
2924200,1.0266447153761984
2925200,1.165270627476275
2926200,1.1217854993492364
2927200,1.1241225954219698
2928200,1.1096191815212368
2929200,1.140975040435791
2930200,1.0452745569646358
2931200,1.0934284164905548
2932200,1.0751962700635196
2933200,1.154263489536941
2934200,1.1158658985421062
2935200,1.0849614844173192
2936200,1.102478730291128
2937200,1.0558722002059222
2938200,1.1018936508893966
2939200,1.1130325984954834
2940200,1.158713631644845
2941200,1.049025714419782
2942200,1.032250241804868
2943200,1.0933629116900265
2944200,1.1087856724187732
2945200,1.0602697511799632
2946200,1.0879437032043935
2947200,1.1151541921570898
2948200,1.1035154694244265
2949200,1.0946442212834955
2950200,1.1188104353658854
2951200,1.1039794582799076
2952200,1.0531882553324103
2953200,1.0890881170667708
2954200,1.080973494529724
2955200,1.1547657306827606
2956200,1.1364936845749616
2957200,1.044121634054929
2958200,1.0586239569298923
2959200,1.1369400825425982
2960200,1.1093670675307512
2961200,1.071739546548575
2962200,1.0986100137531758
2963200,1.083881074808538
2964200,1.0766136517301201
2965200,1.0854069540053606
2966200,1.133224198371172
2967200,1.0786095253378152
2968200,1.089472093593329
2969200,1.1011041016504168
2970200,1.1079728945344687
2971200,1.064241028226912
2972200,1.0167927740737797
2973200,1.0718805566355587
2974200,1.059676322557032
2975200,1.1108430176228286
2976200,1.1329757401496172
2977200,1.0650056465007365
2978200,1.1015231554955245
2979200,1.1640697729252278
2980200,1.0905359806343913
2981200,1.1576313858181237
2982200,1.0813117675632238
2983200,1.0657437611818315
2984200,1.0815139400810003
2985200,1.0854247372075916
2986200,1.079190434448421
2987200,1.053035487189889
2988200,1.1344483680576085
2989200,1.0600591187104582
2990200,1.1230329479500651
2991200,1.059066876076162
2992200,1.121147693004459
2993200,1.1119597311988474
2994200,1.0663031460940837
2995200,1.1291211864501238
2996200,1.0782645690981298
2997200,1.0256000953279436
2998200,1.0578514577299356
2999200,1.089571503162384
3000200,1.0998929931521415
3001200,1.0966285685151815
3002200,1.1223466915786267
3003200,1.1119224513210357
3004200,1.1187399371936917
3005200,1.0768252695053815
3006200,1.0458970853537322
3007200,1.1097480235099793
3008200,1.04995899066329
3009200,1.073060167118907
3010200,1.1064273332357406
3011200,1.1002626318931579
3012200,1.0413452711366118
3013200,1.0262751881759613
3014200,1.140915319994092
3015200,1.1343933034017681
3016200,1.1000070090740919
3017200,1.1161251193247737
3018200,1.1372921994067728
3019200,1.0900653677247465
3020200,1.171330772511661
3021200,1.0792469946965575
3022200,1.1026235924996435
3023200,1.0868490926455707
3024200,1.0575589771308005
3025200,1.1281640780605375
3026200,1.0595756013914943
3027200,1.1567006376087665
3028200,1.036592550061643
3029200,1.1307606823071839
3030200,1.125338652074337
3031200,1.0961747554019095
3032200,1.0644475645497442
3033200,1.0652210299484433
3034200,1.130181433700025
3035200,1.0655654533263297
3036200,1.1118782407939434
3037200,1.1007664039507508
3038200,1.1063644190095365
3039200,1.0296026115342976
3040200,1.133787530042231
3041200,1.0651972555331886
3042200,1.0956843242272734
3043200,1.0436962755173445
3044200,1.0686384227648378
3045200,1.0670563242435456
3046200,1.0936794616542758
3047200,1.1241262729912995
3048200,1.0807772210910915
3049200,1.0644860320091247
3050200,1.1048061490468681
3051200,1.0601225382089614
3052200,1.0745682495832443
3053200,1.1192574554085732
3054200,1.07872461861372
3055200,1.1401199650987983
3056200,1.0979709553197026
3057200,1.118714082673192
3058200,1.1167172122076154
3059200,1.0283418115228415
3060200,1.0709860041439534
3061200,1.0794789798632265
3062200,1.1253406494036318
3063200,1.053201350748539
3064200,1.1105759404730051
3065200,1.1308479889854788
3066200,1.0802277075946332
3067200,1.0796377142071725
3068200,1.0984552197381854
3069200,1.112972713008523
3070200,1.0634853408560156
3071200,1.0979666352197528
3072200,1.1013418372571468
3073200,1.1192204917855562
3074200,1.1834214506372809
3075200,1.0613512770533562
3076200,1.10569639570266
3077200,1.0788124484829604
3078200,1.08123781523481
3079200,1.0703110518082977
3080200,1.0701741480827331
3081200,1.1067998716011644
3082200,1.0712670883685351
3083200,1.1689297638237477
3084200,1.1118516166731716
3085200,1.0764597067125141
3086200,1.130878995258361
3087200,1.0862328587248922
3088200,1.072387911528349
3089200,1.1177607125267386
3090200,1.1121977208089084
3091200,1.1491028984859586
3092200,1.0761856367886067
3093200,1.096312520392239
3094200,1.0586896548643707
3095200,1.1298757913559676
3096200,1.13006045165658
3097200,1.1090225030630827
3098200,1.0666276151165366
3099200,1.0838319243788719
3100200,1.134919581655413
3101200,1.1605055086351932
3102200,1.1123642939720302
3103200,1.104737290725112
3104200,1.100901059396565
3105200,1.0634159325510264
3106200,1.0406038945019245
3107200,1.098779645331204
3108200,1.0790486995577813
3109200,1.071436562038958
3110200,1.0765535152032972
3111200,1.1014220902696252
3112200,1.0958527296259999
3113200,1.1027825733423233
3114200,1.0659112296327948
3115200,1.0466661416441203
3116200,1.0910773196518422
3117200,1.0794897061772644
3118200,1.1086809212192894
3119200,1.0861821964383125
3120200,1.1060274353399873
3121200,1.0635491236671806
3122200,1.1232359558567404
3123200,1.104374045677483
3124200,1.1186832396760582
3125200,1.0791022803112864
3126200,1.1139310830906033
3127200,1.0501983784511686
3128200,1.1420468539819122
3129200,1.1094963998124003
3130200,1.0772384206205607
3131200,1.0647482193857432
3132200,1.1192260925993323
3133200,1.0770754377692937
3134200,1.1455805242806674
3135200,1.0689202552065253
3136200,1.049618209823966
3137200,1.1195505132079124
3138200,1.1085474727526308
3139200,1.074387675009668
3140200,1.0734064918980002
3141200,1.0725579723455012
3142200,1.0796082697212697
3143200,1.0630959515534342
3144200,1.0952608919367195
3145200,1.1323364831879734
3146200,1.0595197808556258
3147200,1.0898808730617167
3147999,1.0977976159454883
